STATE,STATE_ABBV,1940,1941,1942,1943,1944,1945,1946,1947,1948,1949,1950,1951,1952,1953,1954,1955,1956,1957,1958,1959,1960,1961,1962,1963,1964,1965,1966,1967,1968,1969,1970,1971,1972,1973,1974,1975,1976,1977,1978,1979,1980,1981,1982,1983,1984,1985,1986,1987,1988,1989,1990,1991,1992,1993,1994,1995,1996,1997,1998,1999,2000,2001,2002,2003,2004,2005,2006,2007,2008,2009,2010,2011,2012,2013,2014,2015,2016,2017,2018,2019,2020
Alabama,AL," 2,845,000 "," 2,902,000 "," 2,941,000 "," 2,902,000 "," 2,802,000 "," 2,775,000 "," 2,911,000 "," 2,942,000 "," 2,969,000 "," 3,000,000 "," 3,062,000 "," 3,059,000 "," 3,068,000 "," 3,053,000 "," 3,014,000 "," 3,050,000 "," 3,071,000 "," 3,109,000 "," 3,163,000 "," 3,204,000 "," 3,267,000 "," 3,316,000 "," 3,323,000 "," 3,358,000 "," 3,395,000 "," 3,443,000 "," 3,464,000 "," 3,458,000 "," 3,446,000 "," 3,440,000 "," 3,444,354 "," 3,497,076 "," 3,539,400 "," 3,579,780 "," 3,626,499 "," 3,678,814 "," 3,735,139 "," 3,780,403 "," 3,831,836 "," 3,866,248 "," 3,893,888 "," 3,918,531 "," 3,925,266 "," 3,934,102 "," 3,951,820 "," 3,972,523 "," 3,991,569 "," 4,015,264 "," 4,023,844 "," 4,030,222 "," 4,040,587 "," 4,091,025 "," 4,139,269 "," 4,193,114 "," 4,232,965 "," 4,262,731 "," 4,290,403 "," 4,320,281 "," 4,351,037 "," 4,369,862 "," 4,452,173 "," 4,467,634 "," 4,480,089 "," 4,503,491 "," 4,530,729 "," 4,569,805 "," 4,628,981 "," 4,672,840 "," 4,718,206 "," 4,757,938 "," 4,779,736 "," 4,799,642 "," 4,816,632 "," 4,831,586 "," 4,843,737 "," 4,854,803 "," 4,866,824 "," 4,877,989 "," 4,891,628 "," 4,907,965 "," 4,921,532 "
Alaska,AK,,,,,,,,,,," 129,000 "," 158,000 "," 189,000 "," 205,000 "," 215,000 "," 222,000 "," 224,000 "," 231,000 "," 224,000 "," 224,000 "," 226,000 "," 238,000 "," 246,000 "," 256,000 "," 263,000 "," 271,000 "," 271,000 "," 278,000 "," 285,000 "," 296,000 "," 302,583 "," 315,510 "," 324,464 "," 330,543 "," 341,063 "," 376,170 "," 400,969 "," 403,436 "," 404,766 "," 402,753 "," 401,851 "," 418,491 "," 449,606 "," 488,417 "," 513,702 "," 532,495 "," 544,268 "," 539,309 "," 541,983 "," 547,159 "," 550,043 "," 569,273 "," 587,073 "," 596,993 "," 600,624 "," 601,345 "," 604,918 "," 608,846 "," 615,205 "," 619,500 "," 627,963 "," 633,714 "," 642,337 "," 648,414 "," 659,286 "," 666,946 "," 675,302 "," 680,300 "," 687,455 "," 698,895 "," 710,231 "," 722,349 "," 730,810 "," 737,626 "," 737,075 "," 738,430 "," 742,575 "," 740,983 "," 736,624 "," 733,603 "," 731,158 "
Arizona,AZ," 499,000 "," 490,000 "," 524,000 "," 692,000 "," 610,000 "," 594,000 "," 616,000 "," 653,000 "," 690,000 "," 714,000 "," 750,000 "," 785,000 "," 842,000 "," 894,000 "," 933,000 "," 987,000 "," 1,053,000 "," 1,125,000 "," 1,193,000 "," 1,261,000 "," 1,302,000 "," 1,407,000 "," 1,471,000 "," 1,521,000 "," 1,556,000 "," 1,584,000 "," 1,614,000 "," 1,646,000 "," 1,682,000 "," 1,737,000 "," 1,775,399 "," 1,895,814 "," 2,008,291 "," 2,124,438 "," 2,223,196 "," 2,284,847 "," 2,346,157 "," 2,425,197 "," 2,515,316 "," 2,635,571 "," 2,718,215 "," 2,810,107 "," 2,889,861 "," 2,968,925 "," 3,067,135 "," 3,183,538 "," 3,308,262 "," 3,437,103 "," 3,535,183 "," 3,622,185 "," 3,665,228 "," 3,762,394 "," 3,867,333 "," 3,993,390 "," 4,147,561 "," 4,306,908 "," 4,432,308 "," 4,552,207 "," 4,667,277 "," 4,778,332 "," 5,160,586 "," 5,273,477 "," 5,396,255 "," 5,510,364 "," 5,652,404 "," 5,839,077 "," 6,029,141 "," 6,167,681 "," 6,280,362 "," 6,343,154 "," 6,392,017 "," 6,473,416 "," 6,556,344 "," 6,634,690 "," 6,732,873 "," 6,832,810 "," 6,944,767 "," 7,048,088 "," 7,164,228 "," 7,291,843 "," 7,421,401 "
Arkansas,AR," 1,955,000 "," 1,969,000 "," 1,977,000 "," 1,843,000 "," 1,768,000 "," 1,762,000 "," 1,797,000 "," 1,836,000 "," 1,825,000 "," 1,844,000 "," 1,910,000 "," 1,901,000 "," 1,838,000 "," 1,780,000 "," 1,734,000 "," 1,725,000 "," 1,704,000 "," 1,733,000 "," 1,726,000 "," 1,756,000 "," 1,786,000 "," 1,806,000 "," 1,853,000 "," 1,875,000 "," 1,897,000 "," 1,894,000 "," 1,899,000 "," 1,901,000 "," 1,902,000 "," 1,913,000 "," 1,923,322 "," 1,972,312 "," 2,018,638 "," 2,059,256 "," 2,101,403 "," 2,159,526 "," 2,170,161 "," 2,209,010 "," 2,243,127 "," 2,271,333 "," 2,286,435 "," 2,293,201 "," 2,294,257 "," 2,305,761 "," 2,319,768 "," 2,327,046 "," 2,331,984 "," 2,342,355 "," 2,342,656 "," 2,346,358 "," 2,350,725 "," 2,370,666 "," 2,394,098 "," 2,423,743 "," 2,450,605 "," 2,480,121 "," 2,504,858 "," 2,524,007 "," 2,538,202 "," 2,551,373 "," 2,678,588 "," 2,691,571 "," 2,705,927 "," 2,724,816 "," 2,749,686 "," 2,781,097 "," 2,821,761 "," 2,848,650 "," 2,874,554 "," 2,896,843 "," 2,915,918 "," 2,941,038 "," 2,952,876 "," 2,960,459 "," 2,968,759 "," 2,979,732 "," 2,991,815 "," 3,003,855 "," 3,012,161 "," 3,020,985 "," 3,030,522 "
California,CA," 6,950,000 "," 7,237,000 "," 7,735,000 "," 8,506,000 "," 8,945,000 "," 9,344,000 "," 9,559,000 "," 9,832,000 "," 10,064,000 "," 10,337,000 "," 10,586,000 "," 11,134,000 "," 11,635,000 "," 12,251,000 "," 12,746,000 "," 13,133,000 "," 13,713,000 "," 14,264,000 "," 14,880,000 "," 15,467,000 "," 15,717,000 "," 16,497,000 "," 17,072,000 "," 17,668,000 "," 18,151,000 "," 18,585,000 "," 18,858,000 "," 19,176,000 "," 19,394,000 "," 19,711,000 "," 19,971,069 "," 20,345,939 "," 20,585,469 "," 20,868,728 "," 21,173,865 "," 21,537,849 "," 21,935,909 "," 22,352,396 "," 22,835,958 "," 23,256,880 "," 23,667,902 "," 24,285,933 "," 24,820,009 "," 25,360,026 "," 25,844,393 "," 26,441,109 "," 27,102,237 "," 27,777,158 "," 28,464,249 "," 29,218,164 "," 29,760,021 "," 30,414,114 "," 30,875,920 "," 31,147,208 "," 31,317,179 "," 31,493,525 "," 31,780,829 "," 32,217,708 "," 32,682,794 "," 33,145,121 "," 33,987,977 "," 34,479,458 "," 34,871,843 "," 35,253,159 "," 35,574,576 "," 35,827,943 "," 36,021,202 "," 36,250,311 "," 36,604,337 "," 36,961,229 "," 37,253,956 "," 37,636,311 "," 37,944,551 "," 38,253,768 "," 38,586,706 "," 38,904,296 "," 39,149,186 "," 39,337,785 "," 39,437,463 "," 39,437,610 "," 39,368,078 "
Colorado,CO," 1,130,000 "," 1,124,000 "," 1,113,000 "," 1,153,000 "," 1,137,000 "," 1,116,000 "," 1,203,000 "," 1,237,000 "," 1,263,000 "," 1,295,000 "," 1,325,000 "," 1,326,000 "," 1,365,000 "," 1,431,000 "," 1,493,000 "," 1,546,000 "," 1,625,000 "," 1,664,000 "," 1,667,000 "," 1,710,000 "," 1,754,000 "," 1,844,000 "," 1,899,000 "," 1,936,000 "," 1,970,000 "," 1,985,000 "," 2,007,000 "," 2,053,000 "," 2,120,000 "," 2,166,000 "," 2,209,596 "," 2,303,524 "," 2,404,619 "," 2,495,868 "," 2,541,406 "," 2,586,192 "," 2,632,306 "," 2,696,140 "," 2,766,748 "," 2,849,234 "," 2,889,964 "," 2,977,898 "," 3,061,564 "," 3,133,630 "," 3,169,992 "," 3,208,723 "," 3,237,450 "," 3,260,480 "," 3,262,281 "," 3,275,818 "," 3,294,394 "," 3,367,567 "," 3,459,995 "," 3,560,884 "," 3,653,910 "," 3,738,061 "," 3,812,716 "," 3,891,293 "," 3,968,967 "," 4,056,133 "," 4,326,921 "," 4,425,687 "," 4,490,406 "," 4,528,732 "," 4,575,013 "," 4,631,888 "," 4,720,423 "," 4,803,868 "," 4,889,730 "," 4,972,195 "," 5,029,196 "," 5,121,900 "," 5,193,660 "," 5,270,774 "," 5,352,637 "," 5,454,328 "," 5,543,844 "," 5,617,421 "," 5,697,155 "," 5,758,486 "," 5,807,719 "
Connecticut,CT," 1,708,000 "," 1,746,000 "," 1,792,000 "," 1,792,000 "," 1,778,000 "," 1,769,000 "," 1,906,000 "," 1,967,000 "," 2,014,000 "," 2,032,000 "," 2,007,000 "," 2,028,000 "," 2,081,000 "," 2,168,000 "," 2,249,000 "," 2,300,000 "," 2,316,000 "," 2,359,000 "," 2,446,000 "," 2,523,000 "," 2,535,000 "," 2,586,000 "," 2,647,000 "," 2,727,000 "," 2,798,000 "," 2,857,000 "," 2,903,000 "," 2,935,000 "," 2,964,000 "," 3,000,000 "," 3,032,217 "," 3,060,938 "," 3,068,699 "," 3,067,814 "," 3,074,047 "," 3,082,500 "," 3,083,335 "," 3,085,722 "," 3,091,627 "," 3,095,917 "," 3,107,576 "," 3,128,836 "," 3,139,013 "," 3,162,354 "," 3,180,014 "," 3,201,131 "," 3,223,740 "," 3,247,291 "," 3,271,953 "," 3,283,403 "," 3,287,116 "," 3,288,640 "," 3,274,997 "," 3,272,325 "," 3,268,346 "," 3,265,293 "," 3,267,030 "," 3,268,514 "," 3,272,563 "," 3,282,031 "," 3,411,777 "," 3,432,835 "," 3,458,749 "," 3,484,336 "," 3,496,094 "," 3,506,956 "," 3,517,460 "," 3,527,270 "," 3,545,579 "," 3,561,807 "," 3,574,097 "," 3,588,632 "," 3,595,211 "," 3,595,792 "," 3,595,697 "," 3,588,561 "," 3,579,830 "," 3,575,324 "," 3,574,561 "," 3,566,022 "," 3,557,006 "
Delaware,DE," 269,000 "," 275,000 "," 279,000 "," 282,000 "," 285,000 "," 286,000 "," 299,000 "," 305,000 "," 312,000 "," 316,000 "," 318,000 "," 331,000 "," 341,000 "," 351,000 "," 368,000 "," 389,000 "," 408,000 "," 426,000 "," 433,000 "," 441,000 "," 446,000 "," 461,000 "," 469,000 "," 483,000 "," 497,000 "," 507,000 "," 516,000 "," 525,000 "," 534,000 "," 540,000 "," 548,104 "," 564,708 "," 572,913 "," 577,759 "," 581,418 "," 586,589 "," 590,166 "," 591,829 "," 594,776 "," 594,984 "," 594,338 "," 595,975 "," 599,148 "," 605,458 "," 611,565 "," 618,280 "," 627,559 "," 636,947 "," 647,622 "," 658,273 "," 666,168 "," 680,495 "," 690,158 "," 699,475 "," 708,416 "," 718,265 "," 727,090 "," 735,024 "," 744,066 "," 753,538 "," 786,373 "," 795,699 "," 806,169 "," 818,003 "," 830,803 "," 845,150 "," 859,268 "," 871,749 "," 883,874 "," 891,730 "," 897,934 "," 907,590 "," 915,518 "," 924,062 "," 933,131 "," 942,065 "," 949,989 "," 957,942 "," 966,985 "," 976,668 "," 986,809 "
District of Columbia,DC," 690,000 "," 764,000 "," 851,000 "," 900,000 "," 881,000 "," 876,000 "," 899,000 "," 888,000 "," 840,000 "," 807,000 "," 802,000 "," 808,000 "," 805,000 "," 810,000 "," 791,000 "," 785,000 "," 759,000 "," 763,000 "," 757,000 "," 761,000 "," 764,000 "," 778,000 "," 788,000 "," 798,000 "," 798,000 "," 797,000 "," 791,000 "," 791,000 "," 778,000 "," 762,000 "," 756,668 "," 749,781 "," 742,241 "," 731,488 "," 717,947 "," 706,871 "," 692,295 "," 677,228 "," 665,052 "," 650,016 "," 638,333 "," 636,893 "," 634,174 "," 632,433 "," 633,382 "," 634,549 "," 638,269 "," 636,930 "," 630,432 "," 624,168 "," 606,900 "," 593,239 "," 584,183 "," 576,358 "," 564,982 "," 551,273 "," 538,273 "," 528,752 "," 521,426 "," 519,000 "," 572,046 "," 574,504 "," 573,158 "," 568,502 "," 567,754 "," 567,136 "," 570,681 "," 574,404 "," 580,236 "," 592,228 "," 601,723 "," 620,290 "," 635,737 "," 651,559 "," 663,603 "," 677,014 "," 687,576 "," 697,079 "," 704,147 "," 708,253 "," 712,816 "
Florida,FL," 1,915,000 "," 2,017,000 "," 2,151,000 "," 2,451,000 "," 2,420,000 "," 2,465,000 "," 2,440,000 "," 2,528,000 "," 2,578,000 "," 2,668,000 "," 2,771,000 "," 2,980,000 "," 3,157,000 "," 3,310,000 "," 3,505,000 "," 3,747,000 "," 4,047,000 "," 4,372,000 "," 4,630,000 "," 4,808,000 "," 4,952,000 "," 5,243,000 "," 5,458,000 "," 5,628,000 "," 5,781,000 "," 5,954,000 "," 6,104,000 "," 6,242,000 "," 6,433,000 "," 6,641,000 "," 6,791,418 "," 7,158,304 "," 7,511,463 "," 7,913,696 "," 8,298,762 "," 8,518,422 "," 8,667,379 "," 8,856,183 "," 9,102,032 "," 9,426,159 "," 9,746,324 "," 10,192,774 "," 10,471,407 "," 10,749,851 "," 11,039,925 "," 11,351,118 "," 11,667,505 "," 11,997,283 "," 12,306,395 "," 12,637,715 "," 12,937,926 "," 13,289,497 "," 13,504,775 "," 13,713,593 "," 13,961,798 "," 14,185,403 "," 14,426,911 "," 14,683,350 "," 14,908,230 "," 15,111,244 "," 16,047,515 "," 16,356,966 "," 16,689,370 "," 17,004,085 "," 17,415,318 "," 17,842,038 "," 18,166,990 "," 18,367,842 "," 18,527,305 "," 18,652,644 "," 18,801,310 "," 19,055,607 "," 19,302,016 "," 19,551,678 "," 19,853,880 "," 20,219,111 "," 20,627,237 "," 20,977,089 "," 21,254,926 "," 21,492,056 "," 21,733,312 "
Georgia,GA," 3,119,000 "," 3,179,000 "," 3,209,000 "," 3,245,000 "," 3,176,000 "," 3,119,000 "," 3,242,000 "," 3,272,000 "," 3,259,000 "," 3,325,000 "," 3,445,000 "," 3,531,000 "," 3,584,000 "," 3,558,000 "," 3,602,000 "," 3,636,000 "," 3,701,000 "," 3,766,000 "," 3,804,000 "," 3,868,000 "," 3,943,000 "," 4,015,000 "," 4,086,000 "," 4,172,000 "," 4,258,000 "," 4,332,000 "," 4,379,000 "," 4,408,000 "," 4,482,000 "," 4,551,000 "," 4,587,930 "," 4,711,550 "," 4,809,490 "," 4,910,374 "," 4,999,419 "," 5,064,075 "," 5,132,812 "," 5,219,697 "," 5,295,751 "," 5,401,384 "," 5,463,105 "," 5,568,345 "," 5,649,792 "," 5,728,250 "," 5,834,954 "," 5,962,661 "," 6,084,666 "," 6,208,467 "," 6,316,142 "," 6,411,099 "," 6,478,216 "," 6,621,279 "," 6,759,474 "," 6,894,092 "," 7,045,900 "," 7,188,538 "," 7,332,225 "," 7,486,094 "," 7,636,522 "," 7,788,240 "," 8,227,303 "," 8,377,038 "," 8,508,256 "," 8,622,793 "," 8,769,252 "," 8,925,922 "," 9,155,813 "," 9,349,988 "," 9,504,843 "," 9,620,846 "," 9,687,653 "," 9,803,630 "," 9,903,580 "," 9,975,592 "," 10,071,204 "," 10,183,353 "," 10,308,442 "," 10,417,031 "," 10,519,389 "," 10,628,020 "," 10,710,017 "
Hawaii,HI,,,,,,,,,,," 500,000 "," 514,000 "," 517,000 "," 510,000 "," 505,000 "," 539,000 "," 559,000 "," 584,000 "," 605,000 "," 622,000 "," 633,000 "," 659,000 "," 684,000 "," 682,000 "," 700,000 "," 704,000 "," 710,000 "," 723,000 "," 734,000 "," 750,000 "," 769,913 "," 801,644 "," 828,331 "," 851,595 "," 867,978 "," 886,160 "," 904,191 "," 918,259 "," 931,584 "," 953,306 "," 964,691 "," 978,195 "," 993,780 "," 1,012,717 "," 1,027,922 "," 1,039,698 "," 1,051,762 "," 1,067,918 "," 1,079,828 "," 1,094,588 "," 1,108,229 "," 1,131,412 "," 1,149,926 "," 1,161,508 "," 1,173,903 "," 1,180,490 "," 1,184,434 "," 1,189,322 "," 1,190,472 "," 1,185,497 "," 1,213,519 "," 1,225,948 "," 1,239,613 "," 1,251,154 "," 1,273,569 "," 1,292,729 "," 1,309,731 "," 1,315,675 "," 1,332,213 "," 1,346,717 "," 1,360,301 "," 1,379,562 "," 1,395,199 "," 1,408,822 "," 1,415,335 "," 1,422,999 "," 1,428,885 "," 1,425,763 "," 1,423,102 "," 1,415,615 "," 1,407,006 "
Idaho,ID," 522,000 "," 501,000 "," 478,000 "," 500,000 "," 529,000 "," 507,000 "," 509,000 "," 522,000 "," 551,000 "," 570,000 "," 589,000 "," 589,000 "," 587,000 "," 596,000 "," 600,000 "," 618,000 "," 628,000 "," 642,000 "," 646,000 "," 657,000 "," 667,000 "," 684,000 "," 692,000 "," 683,000 "," 680,000 "," 686,000 "," 689,000 "," 688,000 "," 695,000 "," 707,000 "," 713,015 "," 738,753 "," 763,237 "," 782,074 "," 807,990 "," 831,982 "," 856,983 "," 883,469 "," 910,690 "," 932,627 "," 943,935 "," 962,204 "," 973,721 "," 981,869 "," 990,839 "," 994,051 "," 990,224 "," 984,997 "," 985,664 "," 994,416 "," 1,006,749 "," 1,038,915 "," 1,066,490 "," 1,101,204 "," 1,135,459 "," 1,165,000 "," 1,187,706 "," 1,210,638 "," 1,230,923 "," 1,251,700 "," 1,299,430 "," 1,319,962 "," 1,340,372 "," 1,363,380 "," 1,391,802 "," 1,428,241 "," 1,468,669 "," 1,505,105 "," 1,534,320 "," 1,554,439 "," 1,567,582 "," 1,584,272 "," 1,595,910 "," 1,612,053 "," 1,632,248 "," 1,652,495 "," 1,684,036 "," 1,719,745 "," 1,752,074 "," 1,789,060 "," 1,826,913 "
Illinois,IL," 7,905,000 "," 7,995,000 "," 8,057,000 "," 7,761,000 "," 7,719,000 "," 7,601,000 "," 8,155,000 "," 8,341,000 "," 8,552,000 "," 8,670,000 "," 8,712,000 "," 8,790,000 "," 8,956,000 "," 9,065,000 "," 9,252,000 "," 9,435,000 "," 9,530,000 "," 9,668,000 "," 9,886,000 "," 9,986,000 "," 10,081,000 "," 10,130,000 "," 10,280,000 "," 10,402,000 "," 10,580,000 "," 10,693,000 "," 10,836,000 "," 10,947,000 "," 10,995,000 "," 11,039,000 "," 11,110,285 "," 11,202,397 "," 11,251,948 "," 11,251,367 "," 11,262,145 "," 11,291,743 "," 11,342,853 "," 11,386,316 "," 11,412,561 "," 11,396,837 "," 11,426,518 "," 11,443,458 "," 11,423,412 "," 11,408,818 "," 11,412,132 "," 11,399,806 "," 11,387,257 "," 11,391,178 "," 11,390,183 "," 11,409,782 "," 11,430,602 "," 11,535,973 "," 11,635,197 "," 11,725,984 "," 11,804,986 "," 11,884,935 "," 11,953,003 "," 12,011,509 "," 12,069,774 "," 12,128,370 "," 12,434,161 "," 12,488,445 "," 12,525,556 "," 12,556,006 "," 12,589,773 "," 12,609,903 "," 12,643,955 "," 12,695,866 "," 12,747,038 "," 12,796,778 "," 12,830,632 "," 12,867,783 "," 12,883,029 "," 12,895,778 "," 12,885,092 "," 12,859,585 "," 12,821,709 "," 12,779,893 "," 12,724,685 "," 12,667,017 "," 12,587,530 "
Indiana,IN," 3,433,000 "," 3,483,000 "," 3,507,000 "," 3,449,000 "," 3,440,000 "," 3,427,000 "," 3,702,000 "," 3,779,000 "," 3,877,000 "," 3,958,000 "," 3,934,000 "," 4,096,000 "," 4,148,000 "," 4,182,000 "," 4,264,000 "," 4,363,000 "," 4,458,000 "," 4,529,000 "," 4,583,000 "," 4,613,000 "," 4,662,000 "," 4,730,000 "," 4,736,000 "," 4,799,000 "," 4,856,000 "," 4,922,000 "," 4,999,000 "," 5,053,000 "," 5,093,000 "," 5,143,000 "," 5,195,392 "," 5,253,396 "," 5,302,435 "," 5,338,277 "," 5,361,890 "," 5,365,766 "," 5,389,088 "," 5,425,638 "," 5,470,214 "," 5,501,174 "," 5,490,224 "," 5,480,435 "," 5,467,922 "," 5,450,395 "," 5,458,322 "," 5,459,211 "," 5,454,108 "," 5,473,012 "," 5,491,735 "," 5,523,693 "," 5,544,159 "," 5,602,062 "," 5,648,649 "," 5,701,965 "," 5,745,626 "," 5,791,819 "," 5,834,908 "," 5,872,370 "," 5,907,617 "," 5,942,901 "," 6,091,866 "," 6,127,760 "," 6,155,967 "," 6,196,638 "," 6,233,007 "," 6,278,616 "," 6,332,669 "," 6,379,599 "," 6,424,806 "," 6,459,325 "," 6,483,802 "," 6,517,250 "," 6,538,989 "," 6,570,575 "," 6,596,019 "," 6,611,442 "," 6,637,898 "," 6,662,068 "," 6,698,481 "," 6,731,010 "," 6,754,953 "
Iowa,IA," 2,537,000 "," 2,491,000 "," 2,439,000 "," 2,334,000 "," 2,301,000 "," 2,308,000 "," 2,467,000 "," 2,509,000 "," 2,543,000 "," 2,578,000 "," 2,621,000 "," 2,617,000 "," 2,626,000 "," 2,629,000 "," 2,626,000 "," 2,679,000 "," 2,703,000 "," 2,716,000 "," 2,708,000 "," 2,729,000 "," 2,758,000 "," 2,756,000 "," 2,750,000 "," 2,747,000 "," 2,746,000 "," 2,742,000 "," 2,762,000 "," 2,793,000 "," 2,803,000 "," 2,805,000 "," 2,825,368 "," 2,851,705 "," 2,860,287 "," 2,863,715 "," 2,867,530 "," 2,880,847 "," 2,903,082 "," 2,913,573 "," 2,918,069 "," 2,915,739 "," 2,913,808 "," 2,907,983 "," 2,888,189 "," 2,870,543 "," 2,858,618 "," 2,829,684 "," 2,791,970 "," 2,767,011 "," 2,768,388 "," 2,770,592 "," 2,776,755 "," 2,791,227 "," 2,806,923 "," 2,820,525 "," 2,829,422 "," 2,840,860 "," 2,848,473 "," 2,854,396 "," 2,861,025 "," 2,869,413 "," 2,929,067 "," 2,931,997 "," 2,934,234 "," 2,941,999 "," 2,953,635 "," 2,964,454 "," 2,982,644 "," 2,999,212 "," 3,016,734 "," 3,032,870 "," 3,046,355 "," 3,066,772 "," 3,076,844 "," 3,093,935 "," 3,110,643 "," 3,122,541 "," 3,133,210 "," 3,143,734 "," 3,149,900 "," 3,159,596 "," 3,163,561 "
Kansas,KS," 1,788,000 "," 1,765,000 "," 1,760,000 "," 1,796,000 "," 1,779,000 "," 1,731,000 "," 1,805,000 "," 1,853,000 "," 1,892,000 "," 1,925,000 "," 1,905,000 "," 1,950,000 "," 1,977,000 "," 1,994,000 "," 2,042,000 "," 2,093,000 "," 2,119,000 "," 2,128,000 "," 2,142,000 "," 2,160,000 "," 2,179,000 "," 2,215,000 "," 2,231,000 "," 2,217,000 "," 2,209,000 "," 2,206,000 "," 2,200,000 "," 2,197,000 "," 2,216,000 "," 2,236,000 "," 2,249,071 "," 2,246,600 "," 2,256,375 "," 2,265,603 "," 2,269,499 "," 2,280,578 "," 2,301,001 "," 2,320,647 "," 2,335,657 "," 2,350,906 "," 2,363,679 "," 2,384,849 "," 2,401,202 "," 2,415,531 "," 2,424,086 "," 2,427,405 "," 2,432,619 "," 2,445,367 "," 2,461,996 "," 2,472,849 "," 2,477,574 "," 2,495,209 "," 2,526,042 "," 2,547,605 "," 2,569,118 "," 2,586,942 "," 2,598,266 "," 2,616,339 "," 2,638,667 "," 2,654,052 "," 2,693,681 "," 2,702,162 "," 2,713,535 "," 2,723,004 "," 2,734,373 "," 2,745,299 "," 2,762,931 "," 2,783,785 "," 2,808,076 "," 2,832,704 "," 2,853,118 "," 2,869,677 "," 2,886,024 "," 2,894,306 "," 2,901,861 "," 2,910,717 "," 2,912,977 "," 2,910,892 "," 2,912,748 "," 2,912,635 "," 2,913,805 "
Kentucky,KY," 2,859,000 "," 2,824,000 "," 2,797,000 "," 2,693,000 "," 2,631,000 "," 2,597,000 "," 2,761,000 "," 2,803,000 "," 2,817,000 "," 2,849,000 "," 2,945,000 "," 2,941,000 "," 2,920,000 "," 2,903,000 "," 2,902,000 "," 2,910,000 "," 2,898,000 "," 2,928,000 "," 2,961,000 "," 2,999,000 "," 3,038,000 "," 3,054,000 "," 3,079,000 "," 3,096,000 "," 3,129,000 "," 3,140,000 "," 3,147,000 "," 3,172,000 "," 3,195,000 "," 3,198,000 "," 3,220,711 "," 3,298,053 "," 3,335,728 "," 3,371,024 "," 3,416,315 "," 3,467,769 "," 3,529,257 "," 3,573,693 "," 3,609,976 "," 3,641,804 "," 3,660,777 "," 3,670,394 "," 3,683,445 "," 3,694,484 "," 3,695,453 "," 3,694,826 "," 3,687,809 "," 3,683,329 "," 3,679,999 "," 3,677,306 "," 3,685,296 "," 3,714,686 "," 3,756,358 "," 3,792,288 "," 3,823,215 "," 3,855,248 "," 3,881,051 "," 3,907,816 "," 3,934,310 "," 3,960,825 "," 4,049,021 "," 4,068,132 "," 4,089,875 "," 4,117,170 "," 4,146,101 "," 4,182,742 "," 4,219,239 "," 4,256,672 "," 4,289,878 "," 4,317,074 "," 4,339,367 "," 4,370,817 "," 4,387,865 "," 4,406,906 "," 4,416,992 "," 4,429,126 "," 4,440,306 "," 4,455,590 "," 4,464,273 "," 4,472,345 "," 4,477,251 "
Louisiana,LA," 2,370,000 "," 2,484,000 "," 2,546,000 "," 2,565,000 "," 2,508,000 "," 2,429,000 "," 2,556,000 "," 2,579,000 "," 2,596,000 "," 2,634,000 "," 2,684,000 "," 2,769,000 "," 2,842,000 "," 2,866,000 "," 2,883,000 "," 2,946,000 "," 3,032,000 "," 3,115,000 "," 3,155,000 "," 3,208,000 "," 3,257,000 "," 3,287,000 "," 3,345,000 "," 3,377,000 "," 3,446,000 "," 3,496,000 "," 3,550,000 "," 3,581,000 "," 3,603,000 "," 3,619,000 "," 3,644,637 "," 3,710,487 "," 3,761,646 "," 3,788,375 "," 3,820,109 "," 3,886,104 "," 3,950,605 "," 4,014,459 "," 4,068,579 "," 4,137,665 "," 4,205,900 "," 4,283,303 "," 4,352,608 "," 4,395,316 "," 4,400,477 "," 4,408,118 "," 4,406,919 "," 4,344,148 "," 4,288,863 "," 4,252,894 "," 4,219,973 "," 4,240,950 "," 4,270,849 "," 4,284,749 "," 4,306,500 "," 4,327,978 "," 4,338,763 "," 4,351,390 "," 4,362,758 "," 4,372,035 "," 4,471,885 "," 4,477,875 "," 4,497,267 "," 4,521,042 "," 4,552,238 "," 4,576,628 "," 4,302,665 "," 4,375,581 "," 4,435,586 "," 4,491,648 "," 4,533,372 "," 4,576,244 "," 4,602,067 "," 4,626,040 "," 4,645,938 "," 4,666,998 "," 4,681,346 "," 4,673,673 "," 4,664,450 "," 4,658,285 "," 4,645,318 "
Maine,ME," 849,000 "," 852,000 "," 839,000 "," 806,000 "," 801,000 "," 800,000 "," 832,000 "," 854,000 "," 878,000 "," 903,000 "," 914,000 "," 916,000 "," 915,000 "," 913,000 "," 927,000 "," 934,000 "," 938,000 "," 943,000 "," 944,000 "," 957,000 "," 969,000 "," 995,000 "," 994,000 "," 993,000 "," 993,000 "," 997,000 "," 999,000 "," 1,004,000 "," 994,000 "," 992,000 "," 993,722 "," 1,015,390 "," 1,034,292 "," 1,045,655 "," 1,059,040 "," 1,071,995 "," 1,088,412 "," 1,103,578 "," 1,113,566 "," 1,122,563 "," 1,124,660 "," 1,133,033 "," 1,136,684 "," 1,144,772 "," 1,155,635 "," 1,162,936 "," 1,170,126 "," 1,184,574 "," 1,203,840 "," 1,219,961 "," 1,227,928 "," 1,235,439 "," 1,235,748 "," 1,238,256 "," 1,237,687 "," 1,237,438 "," 1,241,436 "," 1,245,215 "," 1,247,554 "," 1,253,040 "," 1,277,072 "," 1,285,692 "," 1,295,960 "," 1,306,513 "," 1,313,688 "," 1,318,787 "," 1,323,619 "," 1,327,040 "," 1,330,509 "," 1,329,590 "," 1,328,361 "," 1,328,473 "," 1,328,094 "," 1,328,543 "," 1,331,217 "," 1,329,098 "," 1,332,348 "," 1,335,743 "," 1,340,123 "," 1,345,770 "," 1,350,141 "
Maryland,MD," 1,839,000 "," 1,913,000 "," 1,998,000 "," 2,089,000 "," 2,118,000 "," 2,096,000 "," 2,214,000 "," 2,248,000 "," 2,271,000 "," 2,329,000 "," 2,343,000 "," 2,441,000 "," 2,500,000 "," 2,567,000 "," 2,685,000 "," 2,742,000 "," 2,811,000 "," 2,873,000 "," 2,982,000 "," 3,066,000 "," 3,101,000 "," 3,176,000 "," 3,263,000 "," 3,386,000 "," 3,492,000 "," 3,600,000 "," 3,695,000 "," 3,757,000 "," 3,815,000 "," 3,868,000 "," 3,923,897 "," 4,018,324 "," 4,073,499 "," 4,097,974 "," 4,118,815 "," 4,139,096 "," 4,150,539 "," 4,169,595 "," 4,183,603 "," 4,191,160 "," 4,216,975 "," 4,261,905 "," 4,282,923 "," 4,313,327 "," 4,365,243 "," 4,413,071 "," 4,486,957 "," 4,565,557 "," 4,657,904 "," 4,727,301 "," 4,781,468 "," 4,856,176 "," 4,902,545 "," 4,942,504 "," 4,985,411 "," 5,023,650 "," 5,057,142 "," 5,092,914 "," 5,130,072 "," 5,171,634 "," 5,311,034 "," 5,374,691 "," 5,440,389 "," 5,496,269 "," 5,546,935 "," 5,592,379 "," 5,627,367 "," 5,653,408 "," 5,684,965 "," 5,730,388 "," 5,773,552 "," 5,840,241 "," 5,888,375 "," 5,925,197 "," 5,960,064 "," 5,988,528 "," 6,007,014 "," 6,028,186 "," 6,042,153 "," 6,054,954 "," 6,055,802 "
Massachusetts,MA," 4,318,000 "," 4,389,000 "," 4,370,000 "," 4,257,000 "," 4,192,000 "," 4,201,000 "," 4,494,000 "," 4,580,000 "," 4,674,000 "," 4,741,000 "," 4,691,000 "," 4,654,000 "," 4,650,000 "," 4,806,000 "," 4,910,000 "," 4,882,000 "," 4,891,000 "," 4,929,000 "," 5,010,000 "," 5,117,000 "," 5,149,000 "," 5,219,000 "," 5,263,000 "," 5,344,000 "," 5,448,000 "," 5,502,000 "," 5,535,000 "," 5,594,000 "," 5,618,000 "," 5,650,000 "," 5,689,170 "," 5,737,580 "," 5,760,302 "," 5,781,172 "," 5,773,548 "," 5,757,756 "," 5,743,672 "," 5,738,199 "," 5,736,469 "," 5,738,404 "," 5,737,037 "," 5,768,685 "," 5,771,222 "," 5,799,407 "," 5,840,773 "," 5,880,733 "," 5,902,678 "," 5,935,204 "," 5,979,982 "," 6,015,478 "," 6,016,425 "," 5,998,652 "," 5,993,474 "," 6,010,884 "," 6,031,352 "," 6,062,335 "," 6,085,393 "," 6,115,476 "," 6,144,407 "," 6,175,169 "," 6,361,104 "," 6,397,634 "," 6,417,206 "," 6,422,565 "," 6,412,281 "," 6,403,290 "," 6,410,084 "," 6,431,559 "," 6,468,967 "," 6,517,613 "," 6,547,629 "," 6,614,218 "," 6,664,269 "," 6,715,158 "," 6,764,864 "," 6,797,484 "," 6,827,280 "," 6,863,560 "," 6,885,720 "," 6,894,883 "," 6,893,574 "
Michigan,MI," 5,315,000 "," 5,472,000 "," 5,549,000 "," 5,405,000 "," 5,467,000 "," 5,475,000 "," 5,874,000 "," 6,076,000 "," 6,213,000 "," 6,332,000 "," 6,372,000 "," 6,497,000 "," 6,650,000 "," 6,822,000 "," 7,066,000 "," 7,285,000 "," 7,467,000 "," 7,569,000 "," 7,667,000 "," 7,767,000 "," 7,823,000 "," 7,893,000 "," 7,933,000 "," 8,058,000 "," 8,187,000 "," 8,357,000 "," 8,512,000 "," 8,630,000 "," 8,696,000 "," 8,781,000 "," 8,881,826 "," 8,974,186 "," 9,028,944 "," 9,077,956 "," 9,117,507 "," 9,117,668 "," 9,129,205 "," 9,171,110 "," 9,217,761 "," 9,266,268 "," 9,262,078 "," 9,209,287 "," 9,115,198 "," 9,047,754 "," 9,049,452 "," 9,076,293 "," 9,127,775 "," 9,187,481 "," 9,217,998 "," 9,253,295 "," 9,295,297 "," 9,395,022 "," 9,470,323 "," 9,529,240 "," 9,584,481 "," 9,659,871 "," 9,739,184 "," 9,785,450 "," 9,820,231 "," 9,863,775 "," 9,952,450 "," 9,991,120 "," 10,015,710 "," 10,041,152 "," 10,055,315 "," 10,051,137 "," 10,036,081 "," 10,001,284 "," 9,946,889 "," 9,901,591 "," 9,883,640 "," 9,883,053 "," 9,898,289 "," 9,914,802 "," 9,932,033 "," 9,934,483 "," 9,954,117 "," 9,976,752 "," 9,987,286 "," 9,984,795 "," 9,966,555 "
Minnesota,MN," 2,790,000 "," 2,718,000 "," 2,662,000 "," 2,577,000 "," 2,526,000 "," 2,537,000 "," 2,734,000 "," 2,796,000 "," 2,868,000 "," 2,935,000 "," 2,982,000 "," 3,010,000 "," 3,030,000 "," 3,050,000 "," 3,113,000 "," 3,172,000 "," 3,240,000 "," 3,274,000 "," 3,313,000 "," 3,366,000 "," 3,414,000 "," 3,470,000 "," 3,513,000 "," 3,531,000 "," 3,558,000 "," 3,592,000 "," 3,617,000 "," 3,659,000 "," 3,703,000 "," 3,758,000 "," 3,806,103 "," 3,853,486 "," 3,869,747 "," 3,889,332 "," 3,903,925 "," 3,932,515 "," 3,964,680 "," 3,989,364 "," 4,015,341 "," 4,050,316 "," 4,075,970 "," 4,111,728 "," 4,131,450 "," 4,141,456 "," 4,157,706 "," 4,184,302 "," 4,205,212 "," 4,235,136 "," 4,296,166 "," 4,338,057 "," 4,375,099 "," 4,427,429 "," 4,471,503 "," 4,521,709 "," 4,566,028 "," 4,605,445 "," 4,647,723 "," 4,687,726 "," 4,726,411 "," 4,775,508 "," 4,933,692 "," 4,982,796 "," 5,018,935 "," 5,053,572 "," 5,087,713 "," 5,119,598 "," 5,163,555 "," 5,207,203 "," 5,247,018 "," 5,281,203 "," 5,303,925 "," 5,346,620 "," 5,377,500 "," 5,414,722 "," 5,452,665 "," 5,484,002 "," 5,525,360 "," 5,569,283 "," 5,608,762 "," 5,640,053 "," 5,657,342 "
Mississippi,MS," 2,176,000 "," 2,184,000 "," 2,210,000 "," 2,280,000 "," 2,167,000 "," 2,090,000 "," 2,064,000 "," 2,107,000 "," 2,076,000 "," 2,085,000 "," 2,179,000 "," 2,163,000 "," 2,152,000 "," 2,105,000 "," 2,064,000 "," 2,060,000 "," 2,086,000 "," 2,088,000 "," 2,086,000 "," 2,138,000 "," 2,178,000 "," 2,206,000 "," 2,243,000 "," 2,244,000 "," 2,241,000 "," 2,246,000 "," 2,245,000 "," 2,228,000 "," 2,219,000 "," 2,220,000 "," 2,216,994 "," 2,265,432 "," 2,307,117 "," 2,349,546 "," 2,378,268 "," 2,399,449 "," 2,429,756 "," 2,459,201 "," 2,487,816 "," 2,507,069 "," 2,520,638 "," 2,539,036 "," 2,556,777 "," 2,567,717 "," 2,578,051 "," 2,588,102 "," 2,593,597 "," 2,588,545 "," 2,580,352 "," 2,574,269 "," 2,573,216 "," 2,591,230 "," 2,610,193 "," 2,635,574 "," 2,663,450 "," 2,690,788 "," 2,709,925 "," 2,731,826 "," 2,751,335 "," 2,768,619 "," 2,848,353 "," 2,852,994 "," 2,858,681 "," 2,868,312 "," 2,889,010 "," 2,905,943 "," 2,904,978 "," 2,928,350 "," 2,947,806 "," 2,958,774 "," 2,967,297 "," 2,979,147 "," 2,984,599 "," 2,989,839 "," 2,991,892 "," 2,990,231 "," 2,990,595 "," 2,990,674 "," 2,982,879 "," 2,978,227 "," 2,966,786 "
Missouri,MO," 3,786,000 "," 3,811,000 "," 3,829,000 "," 3,705,000 "," 3,560,000 "," 3,516,000 "," 3,746,000 "," 3,845,000 "," 3,844,000 "," 3,882,000 "," 3,955,000 "," 4,015,000 "," 3,972,000 "," 4,020,000 "," 4,066,000 "," 4,134,000 "," 4,163,000 "," 4,189,000 "," 4,186,000 "," 4,258,000 "," 4,320,000 "," 4,349,000 "," 4,357,000 "," 4,392,000 "," 4,442,000 "," 4,467,000 "," 4,523,000 "," 4,539,000 "," 4,568,000 "," 4,640,000 "," 4,677,623 "," 4,725,764 "," 4,758,780 "," 4,782,645 "," 4,795,930 "," 4,808,308 "," 4,839,029 "," 4,863,173 "," 4,889,399 "," 4,912,430 "," 4,916,686 "," 4,932,064 "," 4,929,451 "," 4,943,733 "," 4,975,278 "," 5,000,268 "," 5,023,068 "," 5,056,696 "," 5,081,736 "," 5,095,830 "," 5,117,073 "," 5,157,770 "," 5,193,686 "," 5,237,757 "," 5,281,206 "," 5,324,610 "," 5,367,888 "," 5,407,113 "," 5,437,562 "," 5,468,338 "," 5,607,285 "," 5,641,142 "," 5,674,825 "," 5,709,403 "," 5,747,741 "," 5,790,300 "," 5,842,704 "," 5,887,612 "," 5,923,916 "," 5,961,088 "," 5,988,927 "," 6,011,182 "," 6,026,027 "," 6,042,989 "," 6,059,130 "," 6,075,411 "," 6,091,384 "," 6,111,382 "," 6,125,986 "," 6,140,475 "," 6,151,548 "
Montana,MT," 558,000 "," 543,000 "," 518,000 "," 485,000 "," 469,000 "," 477,000 "," 514,000 "," 531,000 "," 542,000 "," 569,000 "," 591,000 "," 596,000 "," 602,000 "," 616,000 "," 624,000 "," 636,000 "," 656,000 "," 667,000 "," 666,000 "," 669,000 "," 675,000 "," 696,000 "," 698,000 "," 703,000 "," 706,000 "," 706,000 "," 707,000 "," 701,000 "," 700,000 "," 694,000 "," 694,409 "," 710,814 "," 718,732 "," 726,798 "," 736,419 "," 748,208 "," 757,317 "," 769,953 "," 782,317 "," 787,305 "," 786,690 "," 795,328 "," 803,986 "," 814,031 "," 820,905 "," 822,320 "," 813,739 "," 805,063 "," 800,202 "," 799,636 "," 799,065 "," 807,837 "," 822,436 "," 839,876 "," 854,923 "," 868,522 "," 876,656 "," 878,706 "," 879,533 "," 882,779 "," 903,773 "," 906,961 "," 911,667 "," 919,630 "," 930,009 "," 940,102 "," 952,692 "," 964,706 "," 976,415 "," 983,982 "," 989,415 "," 997,518 "," 1,004,168 "," 1,014,158 "," 1,022,657 "," 1,031,495 "," 1,042,137 "," 1,053,862 "," 1,061,818 "," 1,070,123 "," 1,080,577 "
Nebraska,NE," 1,316,000 "," 1,272,000 "," 1,239,000 "," 1,241,000 "," 1,216,000 "," 1,211,000 "," 1,256,000 "," 1,265,000 "," 1,265,000 "," 1,302,000 "," 1,326,000 "," 1,316,000 "," 1,311,000 "," 1,318,000 "," 1,340,000 "," 1,374,000 "," 1,397,000 "," 1,394,000 "," 1,383,000 "," 1,397,000 "," 1,411,000 "," 1,446,000 "," 1,464,000 "," 1,476,000 "," 1,482,000 "," 1,471,000 "," 1,456,000 "," 1,457,000 "," 1,467,000 "," 1,474,000 "," 1,485,333 "," 1,504,604 "," 1,519,013 "," 1,529,567 "," 1,539,191 "," 1,543,117 "," 1,550,911 "," 1,556,842 "," 1,563,884 "," 1,567,344 "," 1,569,825 "," 1,578,515 "," 1,581,780 "," 1,584,293 "," 1,588,639 "," 1,584,664 "," 1,574,333 "," 1,566,547 "," 1,571,477 "," 1,574,864 "," 1,578,385 "," 1,590,805 "," 1,602,406 "," 1,612,149 "," 1,621,551 "," 1,635,142 "," 1,647,657 "," 1,656,042 "," 1,660,772 "," 1,666,028 "," 1,713,820 "," 1,719,836 "," 1,728,292 "," 1,738,643 "," 1,749,370 "," 1,761,497 "," 1,772,693 "," 1,783,440 "," 1,796,378 "," 1,812,683 "," 1,826,341 "," 1,840,914 "," 1,853,691 "," 1,865,813 "," 1,879,955 "," 1,892,059 "," 1,906,483 "," 1,916,998 "," 1,925,512 "," 1,932,571 "," 1,937,552 "
Nevada,NV," 113,000 "," 120,000 "," 137,000 "," 151,000 "," 153,000 "," 149,000 "," 143,000 "," 149,000 "," 156,000 "," 157,000 "," 160,000 "," 168,000 "," 181,000 "," 195,000 "," 213,000 "," 237,000 "," 250,000 "," 260,000 "," 269,000 "," 279,000 "," 285,000 "," 315,000 "," 352,000 "," 397,000 "," 426,000 "," 444,000 "," 446,000 "," 449,000 "," 464,000 "," 480,000 "," 488,738 "," 520,018 "," 546,789 "," 568,991 "," 596,822 "," 619,972 "," 646,975 "," 678,333 "," 719,436 "," 765,367 "," 800,493 "," 847,655 "," 881,537 "," 901,977 "," 924,922 "," 951,030 "," 980,613 "," 1,023,376 "," 1,075,022 "," 1,137,382 "," 1,201,833 "," 1,285,046 "," 1,330,694 "," 1,380,197 "," 1,456,388 "," 1,525,777 "," 1,596,476 "," 1,675,581 "," 1,743,772 "," 1,809,253 "," 2,018,741 "," 2,098,399 "," 2,173,791 "," 2,248,850 "," 2,346,222 "," 2,432,143 "," 2,522,658 "," 2,601,072 "," 2,653,630 "," 2,684,665 "," 2,700,551 "," 2,713,114 "," 2,744,670 "," 2,776,956 "," 2,818,935 "," 2,868,531 "," 2,919,555 "," 2,972,097 "," 3,030,725 "," 3,090,771 "," 3,138,259 "
New Hampshire,NH," 492,000 "," 490,000 "," 481,000 "," 462,000 "," 456,000 "," 459,000 "," 494,000 "," 507,000 "," 520,000 "," 533,000 "," 533,000 "," 529,000 "," 535,000 "," 547,000 "," 554,000 "," 557,000 "," 566,000 "," 572,000 "," 581,000 "," 596,000 "," 607,000 "," 618,000 "," 632,000 "," 649,000 "," 663,000 "," 676,000 "," 681,000 "," 697,000 "," 709,000 "," 724,000 "," 737,681 "," 761,851 "," 781,107 "," 800,951 "," 815,914 "," 828,555 "," 845,248 "," 869,763 "," 891,520 "," 909,074 "," 920,610 "," 936,621 "," 947,719 "," 958,134 "," 976,864 "," 996,753 "," 1,025,053 "," 1,054,289 "," 1,082,577 "," 1,104,522 "," 1,109,252 "," 1,107,055 "," 1,112,766 "," 1,122,191 "," 1,133,054 "," 1,145,604 "," 1,160,768 "," 1,173,239 "," 1,185,823 "," 1,201,134 "," 1,239,882 "," 1,255,517 "," 1,269,089 "," 1,279,840 "," 1,290,121 "," 1,298,492 "," 1,308,389 "," 1,312,540 "," 1,315,906 "," 1,316,102 "," 1,316,470 "," 1,320,444 "," 1,324,677 "," 1,327,272 "," 1,334,257 "," 1,337,480 "," 1,343,694 "," 1,350,395 "," 1,355,064 "," 1,360,783 "," 1,366,275 "
New Jersey,NJ," 4,175,000 "," 4,254,000 "," 4,297,000 "," 4,226,000 "," 4,158,000 "," 4,108,000 "," 4,492,000 "," 4,618,000 "," 4,774,000 "," 4,889,000 "," 4,835,000 "," 5,006,000 "," 5,125,000 "," 5,229,000 "," 5,360,000 "," 5,502,000 "," 5,615,000 "," 5,737,000 "," 5,890,000 "," 6,015,000 "," 6,067,000 "," 6,265,000 "," 6,376,000 "," 6,531,000 "," 6,660,000 "," 6,767,000 "," 6,851,000 "," 6,928,000 "," 7,005,000 "," 7,095,000 "," 7,171,112 "," 7,281,107 "," 7,335,042 "," 7,333,083 "," 7,332,411 "," 7,337,765 "," 7,339,745 "," 7,337,169 "," 7,350,804 "," 7,366,512 "," 7,364,823 "," 7,407,472 "," 7,430,968 "," 7,467,785 "," 7,515,473 "," 7,565,528 "," 7,622,159 "," 7,670,742 "," 7,712,333 "," 7,726,089 "," 7,730,188 "," 7,784,269 "," 7,827,770 "," 7,874,891 "," 7,918,796 "," 7,965,523 "," 8,009,624 "," 8,054,178 "," 8,095,542 "," 8,143,412 "," 8,430,621 "," 8,492,671 "," 8,552,643 "," 8,601,402 "," 8,634,561 "," 8,651,974 "," 8,661,679 "," 8,677,885 "," 8,711,090 "," 8,755,602 "," 8,791,894 "," 8,828,552 "," 8,845,671 "," 8,857,821 "," 8,867,277 "," 8,870,312 "," 8,873,584 "," 8,888,147 "," 8,891,730 "," 8,891,258 "," 8,882,371 "
New Mexico,NM," 531,000 "," 506,000 "," 502,000 "," 534,000 "," 527,000 "," 537,000 "," 561,000 "," 582,000 "," 604,000 "," 644,000 "," 681,000 "," 717,000 "," 735,000 "," 756,000 "," 763,000 "," 785,000 "," 806,000 "," 847,000 "," 886,000 "," 919,000 "," 951,000 "," 965,000 "," 979,000 "," 989,000 "," 1,006,000 "," 1,012,000 "," 1,007,000 "," 1,000,000 "," 994,000 "," 1,011,000 "," 1,017,055 "," 1,053,737 "," 1,078,697 "," 1,105,529 "," 1,131,309 "," 1,159,944 "," 1,189,295 "," 1,215,720 "," 1,238,034 "," 1,284,722 "," 1,302,894 "," 1,332,748 "," 1,363,823 "," 1,394,361 "," 1,416,717 "," 1,438,361 "," 1,462,729 "," 1,478,520 "," 1,490,337 "," 1,503,901 "," 1,515,069 "," 1,547,115 "," 1,580,750 "," 1,614,937 "," 1,653,329 "," 1,682,417 "," 1,706,151 "," 1,722,939 "," 1,733,535 "," 1,739,844 "," 1,821,204 "," 1,831,690 "," 1,855,309 "," 1,877,574 "," 1,903,808 "," 1,932,274 "," 1,962,137 "," 1,990,070 "," 2,010,662 "," 2,036,802 "," 2,059,179 "," 2,080,707 "," 2,087,715 "," 2,092,833 "," 2,090,236 "," 2,090,071 "," 2,092,555 "," 2,092,844 "," 2,093,754 "," 2,099,634 "," 2,106,319 "
New York,NY," 13,456,000 "," 13,267,000 "," 13,002,000 "," 12,807,000 "," 12,628,000 "," 12,495,000 "," 13,398,000 "," 13,982,000 "," 14,497,000 "," 14,892,000 "," 14,830,000 "," 14,890,000 "," 15,192,000 "," 15,527,000 "," 15,814,000 "," 15,966,000 "," 16,112,000 "," 16,374,000 "," 16,601,000 "," 16,685,000 "," 16,782,000 "," 17,061,000 "," 17,301,000 "," 17,461,000 "," 17,589,000 "," 17,734,000 "," 17,843,000 "," 17,935,000 "," 18,051,000 "," 18,105,000 "," 18,241,391 "," 18,357,982 "," 18,339,400 "," 18,177,063 "," 18,049,775 "," 18,003,485 "," 17,940,541 "," 17,812,602 "," 17,680,589 "," 17,583,838 "," 17,558,072 "," 17,567,734 "," 17,589,738 "," 17,686,905 "," 17,745,684 "," 17,791,672 "," 17,833,419 "," 17,868,848 "," 17,941,309 "," 17,983,086 "," 17,990,455 "," 18,029,532 "," 18,082,032 "," 18,140,894 "," 18,156,652 "," 18,150,928 "," 18,143,805 "," 18,143,184 "," 18,159,175 "," 18,196,601 "," 19,001,780 "," 19,082,838 "," 19,137,800 "," 19,175,939 "," 19,171,567 "," 19,132,610 "," 19,104,631 "," 19,132,335 "," 19,212,436 "," 19,307,066 "," 19,378,102 "," 19,499,921 "," 19,574,362 "," 19,626,488 "," 19,653,431 "," 19,657,321 "," 19,636,391 "," 19,593,849 "," 19,544,098 "," 19,463,131 "," 19,336,776 "
North Carolina,NC," 3,574,000 "," 3,589,000 "," 3,569,000 "," 3,654,000 "," 3,560,000 "," 3,533,000 "," 3,706,000 "," 3,769,000 "," 3,837,000 "," 3,911,000 "," 4,062,000 "," 4,120,000 "," 4,109,000 "," 4,120,000 "," 4,131,000 "," 4,242,000 "," 4,309,000 "," 4,368,000 "," 4,376,000 "," 4,458,000 "," 4,556,000 "," 4,663,000 "," 4,707,000 "," 4,742,000 "," 4,802,000 "," 4,863,000 "," 4,896,000 "," 4,952,000 "," 5,004,000 "," 5,031,000 "," 5,084,411 "," 5,203,531 "," 5,301,150 "," 5,389,852 "," 5,470,911 "," 5,547,188 "," 5,607,964 "," 5,685,607 "," 5,759,492 "," 5,823,491 "," 5,881,766 "," 5,956,653 "," 6,019,101 "," 6,077,056 "," 6,164,006 "," 6,253,954 "," 6,321,578 "," 6,403,700 "," 6,480,594 "," 6,565,459 "," 6,628,637 "," 6,748,135 "," 6,831,850 "," 6,947,412 "," 7,060,959 "," 7,185,403 "," 7,307,658 "," 7,428,672 "," 7,545,828 "," 7,650,789 "," 8,081,614 "," 8,210,122 "," 8,326,201 "," 8,422,501 "," 8,553,152 "," 8,705,407 "," 8,917,270 "," 9,118,037 "," 9,309,449 "," 9,449,566 "," 9,535,483 "," 9,658,913 "," 9,751,810 "," 9,846,717 "," 9,937,295 "," 10,037,218 "," 10,161,802 "," 10,275,758 "," 10,391,358 "," 10,501,384 "," 10,600,823 "
North Dakota,ND," 640,000 "," 615,000 "," 583,000 "," 546,000 "," 534,000 "," 546,000 "," 570,000 "," 578,000 "," 580,000 "," 597,000 "," 620,000 "," 604,000 "," 608,000 "," 609,000 "," 611,000 "," 615,000 "," 613,000 "," 612,000 "," 606,000 "," 618,000 "," 632,000 "," 641,000 "," 637,000 "," 644,000 "," 649,000 "," 649,000 "," 647,000 "," 626,000 "," 621,000 "," 621,000 "," 617,792 "," 626,760 "," 631,119 "," 632,675 "," 634,559 "," 638,886 "," 645,797 "," 649,769 "," 651,301 "," 652,896 "," 652,717 "," 659,505 "," 668,972 "," 676,688 "," 680,497 "," 676,980 "," 669,512 "," 661,136 "," 655,331 "," 646,351 "," 638,800 "," 634,199 "," 635,427 "," 637,229 "," 639,762 "," 641,548 "," 642,858 "," 640,945 "," 637,808 "," 633,666 "," 642,023 "," 639,062 "," 638,168 "," 638,817 "," 644,705 "," 646,089 "," 649,422 "," 652,822 "," 657,569 "," 664,968 "," 672,591 "," 685,526 "," 702,227 "," 723,149 "," 738,736 "," 755,537 "," 756,114 "," 756,755 "," 760,062 "," 763,724 "," 765,309 "
Ohio,OH," 6,929,000 "," 6,958,000 "," 6,969,000 "," 6,868,000 "," 6,918,000 "," 6,916,000 "," 7,512,000 "," 7,705,000 "," 7,876,000 "," 7,973,000 "," 7,947,000 "," 8,061,000 "," 8,275,000 "," 8,591,000 "," 8,873,000 "," 9,017,000 "," 9,207,000 "," 9,410,000 "," 9,599,000 "," 9,671,000 "," 9,706,000 "," 9,854,000 "," 9,929,000 "," 9,986,000 "," 10,080,000 "," 10,201,000 "," 10,330,000 "," 10,414,000 "," 10,516,000 "," 10,563,000 "," 10,657,423 "," 10,734,818 "," 10,746,993 "," 10,767,314 "," 10,765,759 "," 10,770,425 "," 10,752,662 "," 10,771,394 "," 10,795,581 "," 10,798,298 "," 10,797,630 "," 10,788,330 "," 10,757,087 "," 10,737,632 "," 10,737,746 "," 10,734,926 "," 10,730,268 "," 10,760,090 "," 10,798,552 "," 10,829,217 "," 10,847,115 "," 10,933,683 "," 11,007,609 "," 11,070,385 "," 11,111,451 "," 11,155,493 "," 11,187,032 "," 11,212,498 "," 11,237,752 "," 11,256,654 "," 11,363,543 "," 11,387,404 "," 11,407,889 "," 11,434,788 "," 11,452,251 "," 11,463,320 "," 11,481,213 "," 11,500,468 "," 11,515,391 "," 11,528,896 "," 11,536,504 "," 11,545,735 "," 11,550,971 "," 11,579,692 "," 11,606,573 "," 11,622,315 "," 11,640,060 "," 11,665,706 "," 11,680,892 "," 11,696,507 "," 11,693,217 "
Oklahoma,OK," 2,325,000 "," 2,262,000 "," 2,215,000 "," 2,205,000 "," 2,043,000 "," 2,028,000 "," 2,128,000 "," 2,133,000 "," 2,089,000 "," 2,105,000 "," 2,233,000 "," 2,210,000 "," 2,219,000 "," 2,182,000 "," 2,209,000 "," 2,250,000 "," 2,273,000 "," 2,282,000 "," 2,267,000 "," 2,289,000 "," 2,328,000 "," 2,380,000 "," 2,427,000 "," 2,439,000 "," 2,446,000 "," 2,440,000 "," 2,454,000 "," 2,489,000 "," 2,503,000 "," 2,535,000 "," 2,559,463 "," 2,618,601 "," 2,658,646 "," 2,695,931 "," 2,734,768 "," 2,774,683 "," 2,826,815 "," 2,870,014 "," 2,917,336 "," 2,975,310 "," 3,025,290 "," 3,096,164 "," 3,206,123 "," 3,290,402 "," 3,285,533 "," 3,271,332 "," 3,252,735 "," 3,210,122 "," 3,167,057 "," 3,150,307 "," 3,145,585 "," 3,166,471 "," 3,204,174 "," 3,228,829 "," 3,246,119 "," 3,265,547 "," 3,289,634 "," 3,314,259 "," 3,339,478 "," 3,358,044 "," 3,454,365 "," 3,467,100 "," 3,489,080 "," 3,504,892 "," 3,525,233 "," 3,548,597 "," 3,594,090 "," 3,634,349 "," 3,668,976 "," 3,717,572 "," 3,751,351 "," 3,788,824 "," 3,819,320 "," 3,853,891 "," 3,879,187 "," 3,910,518 "," 3,928,143 "," 3,933,602 "," 3,943,488 "," 3,960,676 "," 3,980,783 "
Oregon,OR," 1,086,000 "," 1,071,000 "," 1,107,000 "," 1,221,000 "," 1,233,000 "," 1,250,000 "," 1,338,000 "," 1,361,000 "," 1,405,000 "," 1,431,000 "," 1,521,000 "," 1,556,000 "," 1,582,000 "," 1,601,000 "," 1,626,000 "," 1,659,000 "," 1,698,000 "," 1,712,000 "," 1,718,000 "," 1,746,000 "," 1,769,000 "," 1,787,000 "," 1,818,000 "," 1,853,000 "," 1,888,000 "," 1,937,000 "," 1,969,000 "," 1,979,000 "," 2,004,000 "," 2,062,000 "," 2,091,533 "," 2,151,022 "," 2,197,297 "," 2,241,932 "," 2,285,013 "," 2,329,661 "," 2,378,262 "," 2,446,673 "," 2,518,298 "," 2,588,012 "," 2,633,105 "," 2,667,982 "," 2,664,922 "," 2,653,066 "," 2,666,588 "," 2,672,652 "," 2,683,528 "," 2,700,991 "," 2,741,297 "," 2,790,575 "," 2,842,321 "," 2,918,745 "," 2,973,934 "," 3,034,490 "," 3,087,142 "," 3,141,421 "," 3,195,087 "," 3,243,254 "," 3,282,055 "," 3,316,154 "," 3,429,708 "," 3,467,937 "," 3,513,424 "," 3,547,376 "," 3,569,463 "," 3,613,202 "," 3,670,883 "," 3,722,417 "," 3,768,748 "," 3,808,600 "," 3,831,074 "," 3,872,672 "," 3,900,102 "," 3,924,110 "," 3,965,447 "," 4,018,542 "," 4,093,271 "," 4,147,294 "," 4,183,538 "," 4,216,116 "," 4,241,507 "
Pennsylvania,PA," 9,896,000 "," 9,911,000 "," 9,704,000 "," 9,444,000 "," 9,214,000 "," 9,143,000 "," 9,866,000 "," 10,196,000 "," 10,287,000 "," 10,390,000 "," 10,498,000 "," 10,461,000 "," 10,503,000 "," 10,662,000 "," 10,817,000 "," 10,939,000 "," 10,972,000 "," 10,954,000 "," 11,058,000 "," 11,234,000 "," 11,319,000 "," 11,392,000 "," 11,355,000 "," 11,424,000 "," 11,519,000 "," 11,620,000 "," 11,664,000 "," 11,681,000 "," 11,741,000 "," 11,741,000 "," 11,800,766 "," 11,886,400 "," 11,908,233 "," 11,890,527 "," 11,870,884 "," 11,906,095 "," 11,897,378 "," 11,893,591 "," 11,879,396 "," 11,887,975 "," 11,863,895 "," 11,858,567 "," 11,845,146 "," 11,837,723 "," 11,815,172 "," 11,770,862 "," 11,782,752 "," 11,810,866 "," 11,845,752 "," 11,865,996 "," 11,881,643 "," 11,943,160 "," 11,980,819 "," 12,022,128 "," 12,042,545 "," 12,044,780 "," 12,038,008 "," 12,015,888 "," 12,002,329 "," 11,994,016 "," 12,284,173 "," 12,298,970 "," 12,331,031 "," 12,374,658 "," 12,410,722 "," 12,449,990 "," 12,510,809 "," 12,563,937 "," 12,612,285 "," 12,666,858 "," 12,702,379 "," 12,747,052 "," 12,769,123 "," 12,779,538 "," 12,792,392 "," 12,789,838 "," 12,788,468 "," 12,794,679 "," 12,809,107 "," 12,798,883 "," 12,783,254 "
Rhode Island,RI," 719,000 "," 731,000 "," 748,000 "," 760,000 "," 795,000 "," 776,000 "," 770,000 "," 776,000 "," 787,000 "," 801,000 "," 792,000 "," 784,000 "," 802,000 "," 815,000 "," 816,000 "," 823,000 "," 840,000 "," 851,000 "," 858,000 "," 857,000 "," 859,000 "," 858,000 "," 871,000 "," 876,000 "," 885,000 "," 893,000 "," 899,000 "," 909,000 "," 922,000 "," 932,000 "," 949,723 "," 963,107 "," 974,790 "," 975,738 "," 950,615 "," 942,788 "," 946,089 "," 950,230 "," 951,816 "," 950,382 "," 947,154 "," 953,013 "," 954,170 "," 956,382 "," 961,894 "," 968,955 "," 977,341 "," 989,604 "," 996,408 "," 1,000,666 "," 1,003,464 "," 1,003,990 "," 1,000,571 "," 997,852 "," 993,412 "," 989,203 "," 987,858 "," 986,966 "," 987,704 "," 990,819 "," 1,050,268 "," 1,057,142 "," 1,065,995 "," 1,071,342 "," 1,074,579 "," 1,067,916 "," 1,063,096 "," 1,057,315 "," 1,055,003 "," 1,053,646 "," 1,052,567 "," 1,053,829 "," 1,054,893 "," 1,055,560 "," 1,056,511 "," 1,056,886 "," 1,057,816 "," 1,056,554 "," 1,059,338 "," 1,058,158 "," 1,057,125 "
South Carolina,SC," 1,902,000 "," 1,962,000 "," 2,007,000 "," 1,967,000 "," 1,943,000 "," 1,934,000 "," 1,936,000 "," 1,992,000 "," 1,996,000 "," 2,029,000 "," 2,117,000 "," 2,167,000 "," 2,178,000 "," 2,181,000 "," 2,176,000 "," 2,200,000 "," 2,229,000 "," 2,274,000 "," 2,304,000 "," 2,348,000 "," 2,383,000 "," 2,409,000 "," 2,423,000 "," 2,460,000 "," 2,475,000 "," 2,494,000 "," 2,520,000 "," 2,533,000 "," 2,559,000 "," 2,570,000 "," 2,590,713 "," 2,662,269 "," 2,719,197 "," 2,776,605 "," 2,844,749 "," 2,902,028 "," 2,943,657 "," 2,991,681 "," 3,044,364 "," 3,090,267 "," 3,121,820 "," 3,179,255 "," 3,207,614 "," 3,234,066 "," 3,271,868 "," 3,303,209 "," 3,342,758 "," 3,380,506 "," 3,412,096 "," 3,456,775 "," 3,486,703 "," 3,559,470 "," 3,600,576 "," 3,634,507 "," 3,666,456 "," 3,699,943 "," 3,738,974 "," 3,790,066 "," 3,839,578 "," 3,885,736 "," 4,024,223 "," 4,064,995 "," 4,107,795 "," 4,150,297 "," 4,210,921 "," 4,270,150 "," 4,357,847 "," 4,444,110 "," 4,528,996 "," 4,589,872 "," 4,625,364 "," 4,672,655 "," 4,719,027 "," 4,766,469 "," 4,826,858 "," 4,896,006 "," 4,963,031 "," 5,027,102 "," 5,091,702 "," 5,157,702 "," 5,218,040 "
South Dakota,SD," 641,000 "," 613,000 "," 589,000 "," 587,000 "," 565,000 "," 579,000 "," 588,000 "," 601,000 "," 612,000 "," 631,000 "," 653,000 "," 655,000 "," 651,000 "," 648,000 "," 655,000 "," 663,000 "," 670,000 "," 666,000 "," 656,000 "," 667,000 "," 681,000 "," 693,000 "," 705,000 "," 708,000 "," 701,000 "," 692,000 "," 683,000 "," 671,000 "," 669,000 "," 668,000 "," 666,257 "," 671,297 "," 677,234 "," 678,715 "," 679,585 "," 681,042 "," 686,390 "," 688,480 "," 688,580 "," 688,335 "," 690,768 "," 689,584 "," 690,597 "," 693,008 "," 697,249 "," 698,402 "," 696,034 "," 696,036 "," 698,165 "," 696,701 "," 696,004 "," 701,445 "," 708,698 "," 716,258 "," 723,038 "," 728,251 "," 730,699 "," 730,855 "," 730,789 "," 733,133 "," 755,844 "," 757,972 "," 760,020 "," 763,729 "," 770,396 "," 775,493 "," 783,033 "," 791,623 "," 799,124 "," 807,067 "," 814,180 "," 823,740 "," 833,859 "," 842,751 "," 849,670 "," 854,663 "," 863,693 "," 873,732 "," 879,386 "," 887,127 "," 892,717 "
Tennessee,TN," 2,935,000 "," 2,973,000 "," 2,939,000 "," 2,972,000 "," 2,868,000 "," 2,878,000 "," 3,074,000 "," 3,166,000 "," 3,216,000 "," 3,236,000 "," 3,292,000 "," 3,372,000 "," 3,352,000 "," 3,319,000 "," 3,359,000 "," 3,415,000 "," 3,415,000 "," 3,434,000 "," 3,471,000 "," 3,522,000 "," 3,567,000 "," 3,622,000 "," 3,673,000 "," 3,718,000 "," 3,771,000 "," 3,798,000 "," 3,822,000 "," 3,859,000 "," 3,878,000 "," 3,897,000 "," 3,926,018 "," 4,013,608 "," 4,094,611 "," 4,147,401 "," 4,213,509 "," 4,275,566 "," 4,346,928 "," 4,422,921 "," 4,486,314 "," 4,560,473 "," 4,591,120 "," 4,627,658 "," 4,646,041 "," 4,659,749 "," 4,686,737 "," 4,715,296 "," 4,738,708 "," 4,782,927 "," 4,822,437 "," 4,854,444 "," 4,877,185 "," 4,946,886 "," 5,013,999 "," 5,085,666 "," 5,163,016 "," 5,241,168 "," 5,313,576 "," 5,378,433 "," 5,432,679 "," 5,483,535 "," 5,703,719 "," 5,750,789 "," 5,795,918 "," 5,847,812 "," 5,910,809 "," 5,991,057 "," 6,088,766 "," 6,175,727 "," 6,247,411 "," 6,306,019 "," 6,346,105 "," 6,400,298 "," 6,455,752 "," 6,496,943 "," 6,544,617 "," 6,595,354 "," 6,651,277 "," 6,714,748 "," 6,778,180 "," 6,830,325 "," 6,886,834 "
Texas,TX," 6,425,000 "," 6,585,000 "," 6,711,000 "," 7,012,000 "," 6,876,000 "," 6,826,000 "," 7,197,000 "," 7,388,000 "," 7,626,000 "," 7,623,000 "," 7,711,000 "," 8,111,000 "," 8,314,000 "," 8,336,000 "," 8,382,000 "," 8,660,000 "," 8,830,000 "," 9,070,000 "," 9,252,000 "," 9,405,000 "," 9,580,000 "," 9,820,000 "," 10,053,000 "," 10,159,000 "," 10,270,000 "," 10,378,000 "," 10,492,000 "," 10,599,000 "," 10,819,000 "," 11,045,000 "," 11,198,655 "," 11,509,848 "," 11,759,148 "," 12,019,543 "," 12,268,629 "," 12,568,843 "," 12,904,089 "," 13,193,050 "," 13,500,429 "," 13,888,371 "," 14,229,191 "," 14,746,318 "," 15,331,415 "," 15,751,676 "," 16,007,086 "," 16,272,734 "," 16,561,113 "," 16,621,791 "," 16,667,022 "," 16,806,735 "," 16,986,510 "," 17,339,904 "," 17,650,479 "," 17,996,764 "," 18,338,319 "," 18,679,706 "," 19,006,240 "," 19,355,427 "," 19,712,389 "," 20,044,141 "," 20,944,499 "," 21,319,622 "," 21,690,325 "," 22,030,931 "," 22,394,023 "," 22,778,123 "," 23,359,580 "," 23,831,983 "," 24,309,039 "," 24,801,761 "," 25,145,561 "," 25,645,504 "," 26,084,120 "," 26,479,646 "," 26,963,092 "," 27,468,531 "," 27,914,064 "," 28,291,024 "," 28,624,564 "," 28,986,794 "," 29,360,759 "
Utah,UT," 552,000 "," 551,000 "," 575,000 "," 631,000 "," 605,000 "," 591,000 "," 638,000 "," 636,000 "," 653,000 "," 671,000 "," 689,000 "," 706,000 "," 724,000 "," 739,000 "," 750,000 "," 783,000 "," 809,000 "," 826,000 "," 845,000 "," 870,000 "," 891,000 "," 936,000 "," 958,000 "," 974,000 "," 978,000 "," 994,000 "," 1,009,000 "," 1,019,000 "," 1,029,000 "," 1,047,000 "," 1,059,273 "," 1,101,192 "," 1,135,449 "," 1,170,040 "," 1,200,471 "," 1,236,030 "," 1,274,928 "," 1,319,512 "," 1,367,510 "," 1,420,238 "," 1,461,037 "," 1,515,471 "," 1,558,314 "," 1,594,943 "," 1,622,342 "," 1,642,910 "," 1,662,834 "," 1,678,119 "," 1,689,372 "," 1,705,864 "," 1,722,850 "," 1,771,941 "," 1,821,498 "," 1,875,993 "," 1,930,436 "," 1,976,774 "," 2,022,253 "," 2,065,397 "," 2,100,562 "," 2,129,836 "," 2,244,502 "," 2,283,715 "," 2,324,815 "," 2,360,137 "," 2,401,580 "," 2,457,719 "," 2,525,507 "," 2,597,746 "," 2,663,029 "," 2,723,421 "," 2,763,885 "," 2,814,797 "," 2,854,146 "," 2,898,773 "," 2,938,327 "," 2,983,626 "," 3,044,241 "," 3,103,540 "," 3,155,153 "," 3,203,383 "," 3,249,879 "
Vermont,VT," 363,000 "," 348,000 "," 343,000 "," 327,000 "," 314,000 "," 315,000 "," 342,000 "," 354,000 "," 359,000 "," 369,000 "," 378,000 "," 378,000 "," 375,000 "," 379,000 "," 377,000 "," 375,000 "," 377,000 "," 376,000 "," 380,000 "," 387,000 "," 390,000 "," 390,000 "," 393,000 "," 397,000 "," 399,000 "," 404,000 "," 413,000 "," 423,000 "," 430,000 "," 437,000 "," 444,732 "," 454,318 "," 463,143 "," 468,430 "," 473,002 "," 479,713 "," 484,928 "," 491,931 "," 498,109 "," 505,372 "," 511,456 "," 515,594 "," 519,109 "," 523,302 "," 526,660 "," 530,035 "," 534,066 "," 540,267 "," 549,763 "," 557,707 "," 562,758 "," 567,141 "," 570,115 "," 574,004 "," 578,900 "," 582,827 "," 586,352 "," 588,665 "," 590,579 "," 593,740 "," 609,618 "," 612,223 "," 615,442 "," 617,858 "," 619,920 "," 621,215 "," 622,892 "," 623,481 "," 624,151 "," 624,817 "," 625,741 "," 627,197 "," 626,361 "," 626,603 "," 625,693 "," 625,810 "," 624,366 "," 625,132 "," 624,802 "," 624,046 "," 623,347 "
Virginia,VA," 2,720,000 "," 2,855,000 "," 3,038,000 "," 3,130,000 "," 3,248,000 "," 3,193,000 "," 3,212,000 "," 3,201,000 "," 3,207,000 "," 3,292,000 "," 3,319,000 "," 3,434,000 "," 3,504,000 "," 3,557,000 "," 3,555,000 "," 3,588,000 "," 3,722,000 "," 3,844,000 "," 3,914,000 "," 3,951,000 "," 3,967,000 "," 4,095,000 "," 4,180,000 "," 4,276,000 "," 4,357,000 "," 4,411,000 "," 4,456,000 "," 4,508,000 "," 4,558,000 "," 4,614,000 "," 4,651,448 "," 4,750,838 "," 4,824,472 "," 4,901,292 "," 4,971,069 "," 5,047,395 "," 5,121,863 "," 5,193,112 "," 5,270,240 "," 5,307,945 "," 5,346,818 "," 5,444,097 "," 5,492,783 "," 5,564,657 "," 5,643,870 "," 5,715,153 "," 5,811,700 "," 5,932,268 "," 6,036,909 "," 6,120,246 "," 6,187,358 "," 6,283,853 "," 6,383,315 "," 6,464,795 "," 6,536,771 "," 6,601,392 "," 6,665,491 "," 6,732,878 "," 6,789,225 "," 6,872,912 "," 7,105,817 "," 7,198,362 "," 7,286,873 "," 7,366,977 "," 7,475,575 "," 7,577,105 "," 7,673,725 "," 7,751,000 "," 7,833,496 "," 7,925,937 "," 8,001,024 "," 8,102,437 "," 8,187,456 "," 8,255,861 "," 8,315,430 "," 8,367,303 "," 8,417,651 "," 8,471,011 "," 8,510,920 "," 8,556,642 "," 8,590,563 "
Washington,WA," 1,740,000 "," 1,789,000 "," 1,901,000 "," 2,027,000 "," 2,092,000 "," 2,206,000 "," 2,288,000 "," 2,211,000 "," 2,255,000 "," 2,294,000 "," 2,379,000 "," 2,424,000 "," 2,448,000 "," 2,466,000 "," 2,516,000 "," 2,604,000 "," 2,668,000 "," 2,724,000 "," 2,773,000 "," 2,821,000 "," 2,853,000 "," 2,882,000 "," 2,942,000 "," 2,955,000 "," 2,961,000 "," 2,967,000 "," 3,057,000 "," 3,174,000 "," 3,270,000 "," 3,343,000 "," 3,413,244 "," 3,447,553 "," 3,447,885 "," 3,478,782 "," 3,549,946 "," 3,621,339 "," 3,693,610 "," 3,776,050 "," 3,889,073 "," 4,017,632 "," 4,132,156 "," 4,235,731 "," 4,276,552 "," 4,300,266 "," 4,343,656 "," 4,400,098 "," 4,452,720 "," 4,531,901 "," 4,639,893 "," 4,746,316 "," 4,866,692 "," 5,013,443 "," 5,139,011 "," 5,247,704 "," 5,334,896 "," 5,431,024 "," 5,509,963 "," 5,604,105 "," 5,687,832 "," 5,756,361 "," 5,910,512 "," 5,985,722 "," 6,052,349 "," 6,104,115 "," 6,178,645 "," 6,257,305 "," 6,370,753 "," 6,461,587 "," 6,562,231 "," 6,667,426 "," 6,724,540 "," 6,827,479 "," 6,898,599 "," 6,966,252 "," 7,057,531 "," 7,167,287 "," 7,299,961 "," 7,427,951 "," 7,526,793 "," 7,614,024 "," 7,693,612 "
West Virginia,WV," 1,907,000 "," 1,885,000 "," 1,831,000 "," 1,741,000 "," 1,706,000 "," 1,708,000 "," 1,826,000 "," 1,883,000 "," 1,899,000 "," 1,930,000 "," 2,006,000 "," 1,984,000 "," 1,957,000 "," 1,929,000 "," 1,905,000 "," 1,880,000 "," 1,857,000 "," 1,843,000 "," 1,845,000 "," 1,855,000 "," 1,860,000 "," 1,828,000 "," 1,809,000 "," 1,796,000 "," 1,797,000 "," 1,786,000 "," 1,775,000 "," 1,769,000 "," 1,763,000 "," 1,746,000 "," 1,744,237 "," 1,770,657 "," 1,797,648 "," 1,806,360 "," 1,815,447 "," 1,842,250 "," 1,879,503 "," 1,908,088 "," 1,923,395 "," 1,942,146 "," 1,949,644 "," 1,954,124 "," 1,949,604 "," 1,945,061 "," 1,927,697 "," 1,906,831 "," 1,882,350 "," 1,857,585 "," 1,830,215 "," 1,806,568 "," 1,793,477 "," 1,798,212 "," 1,805,462 "," 1,816,179 "," 1,818,490 "," 1,820,560 "," 1,818,983 "," 1,815,588 "," 1,811,688 "," 1,806,928 "," 1,807,021 "," 1,801,481 "," 1,805,414 "," 1,812,295 "," 1,816,438 "," 1,820,492 "," 1,827,912 "," 1,834,052 "," 1,840,310 "," 1,847,775 "," 1,852,994 "," 1,856,606 "," 1,857,446 "," 1,854,768 "," 1,850,569 "," 1,843,332 "," 1,832,435 "," 1,818,683 "," 1,805,953 "," 1,795,263 "," 1,784,787 "
Wisconsin,WI," 3,143,000 "," 3,140,000 "," 3,053,000 "," 3,014,000 "," 2,980,000 "," 2,961,000 "," 3,167,000 "," 3,250,000 "," 3,314,000 "," 3,391,000 "," 3,435,000 "," 3,439,000 "," 3,469,000 "," 3,506,000 "," 3,608,000 "," 3,679,000 "," 3,742,000 "," 3,791,000 "," 3,843,000 "," 3,891,000 "," 3,952,000 "," 4,009,000 "," 4,049,000 "," 4,112,000 "," 4,165,000 "," 4,232,000 "," 4,274,000 "," 4,303,000 "," 4,345,000 "," 4,378,000 "," 4,417,821 "," 4,462,155 "," 4,502,412 "," 4,524,244 "," 4,545,782 "," 4,578,986 "," 4,595,904 "," 4,626,514 "," 4,646,108 "," 4,682,811 "," 4,705,767 "," 4,726,343 "," 4,728,870 "," 4,721,438 "," 4,735,563 "," 4,747,767 "," 4,755,618 "," 4,777,919 "," 4,822,388 "," 4,856,574 "," 4,891,769 "," 4,952,675 "," 5,004,636 "," 5,055,318 "," 5,095,504 "," 5,137,004 "," 5,173,828 "," 5,200,235 "," 5,222,124 "," 5,250,446 "," 5,373,999 "," 5,406,835 "," 5,445,162 "," 5,479,203 "," 5,514,026 "," 5,546,166 "," 5,577,655 "," 5,610,775 "," 5,640,996 "," 5,669,264 "," 5,686,986 "," 5,705,840 "," 5,720,825 "," 5,738,012 "," 5,753,199 "," 5,762,927 "," 5,775,170 "," 5,793,147 "," 5,809,319 "," 5,824,581 "," 5,832,655 "
Wyoming,WY," 250,000 "," 247,000 "," 251,000 "," 247,000 "," 242,000 "," 239,000 "," 254,000 "," 258,000 "," 269,000 "," 277,000 "," 291,000 "," 291,000 "," 293,000 "," 290,000 "," 293,000 "," 307,000 "," 312,000 "," 314,000 "," 315,000 "," 320,000 "," 330,000 "," 337,000 "," 333,000 "," 336,000 "," 339,000 "," 332,000 "," 323,000 "," 322,000 "," 324,000 "," 329,000 "," 332,416 "," 340,285 "," 347,345 "," 354,061 "," 365,501 "," 381,695 "," 396,952 "," 413,354 "," 432,880 "," 454,378 "," 469,557 "," 491,712 "," 506,400 "," 510,345 "," 504,896 "," 499,695 "," 495,633 "," 476,965 "," 465,101 "," 458,374 "," 453,588 "," 457,739 "," 463,491 "," 469,033 "," 474,982 "," 478,447 "," 480,085 "," 480,031 "," 480,045 "," 479,602 "," 494,300 "," 494,657 "," 500,017 "," 503,453 "," 509,106 "," 514,157 "," 522,667 "," 534,876 "," 546,043 "," 559,851 "," 563,626 "," 567,491 "," 576,656 "," 582,620 "," 583,159 "," 586,389 "," 585,243 "," 579,994 "," 579,054 "," 580,116 "," 582,328 "
Puerto Rico,,,,,,,,,,,,,,,,,,,,,,,,,,,,,,,,,,,,,,,,,,,,,,,,,,,,,,,,,,,,,," 3,810,605 "," 3,818,774 "," 3,823,701 "," 3,826,095 "," 3,826,878 "," 3,821,362 "," 3,805,214 "," 3,782,995 "," 3,760,866 "," 3,740,410 "," 3,725,789 "," 3,678,732 "," 3,634,488 "," 3,593,077 "," 3,534,874 "," 3,473,232 "," 3,406,672 "," 3,325,284 "," 3,193,344 "," 3,193,553 "," 3,159,343 "
